Asia,Europe,South America,North America,Africa,Australia
China PR,Spain,Brazil,Mexico,CÌ«te d'Ivoire,Australia
India,Germany,Argentina,United States,Egypt,
Afghanistan,Belgium,Uruguay,Canada,South Africa,
Armenia,Portugal,Chile,Antigua & Barbuda,Cameroon,
Chinese Taipei,France,Colombia,Barbados,Algeria,
Japan,Italy,Paraguay,Belize,Angola,
,England,Ecuador,Bermuda,Benin,
,Netherlands,Venezuela,Costa Rica,Burkina Faso,
,Poland,Bolivia,Cuba,Cape Verde,
,Turkey,Peru,Dominican Republic,Central African Rep.,
,Denmark,Aruba,El Salvador,Chad,
,Switzerland,Curacao,,Congo,
,Austria,Ecuador,,DR Congo,
,Sweden,,,Equatorial Guinea,
,Ireland,,,Ghana,
,Greece,,,Zimbabwe,
,Wales,,,Venezuela,
,Russia,,,,
,Czech Republic,,,,
,Scotland,,,,
,Slovenia,,,,
,Norway,,,,
,Romania,,,,
,Bulgaria,,,,
,Northern Ireland,,,,
,Finland,,,,
,Hungary,,,,
,Albania,,,,
,Azerbaijan,,,,
,Belarus,,,,
,Bosnia Herzegovina,,,,
,Croatia,,,,
,Cyprus,,,,
